<?xml version="1.0"?>
<working_sets><working_set name="ARMv7 Bare-Metal"><projdir>./TrustZone</projdir><projdir>./startup_Cortex-A15</projdir><projdir>./startup_ARM1136JF-S</projdir><projdir>./startup_Cortex-M0+</projdir><projdir>./fireworks_A9-FVP_AC5</projdir><projdir>./startup_Cortex-R4</projdir><projdir>./startup_Cortex-A17MPCore</projdir><projdir>./startup_Cortex-A8</projdir><projdir>./smp_primes_ITM</projdir><projdir>./startup_Cortex-A9MPCore</projdir><projdir>./calendar_AC6</projdir><projdir>./startup_Cortex-A5MPCore</projdir><projdir>./fireworks_panda</projdir><projdir>./flash_algo-STM32F10x</projdir><projdir>./startup_ARM926EJ-S</projdir><projdir>./optimization1</projdir><projdir>./startup_Cortex-A15MPCore</projdir><projdir>./fireworks_beagle</projdir><projdir>./startup_Cortex-A7</projdir><projdir>./startup_Cortex-R8</projdir><projdir>./startup_Cortex-R7</projdir><projdir>./flash_example-FVP-A9x4</projdir><projdir>./startup_Cortex-A9</projdir><projdir>./startup_Cortex-R5</projdir><projdir>./startup_Cortex-M1</projdir><projdir>./calendar_AC5</projdir><projdir>./ITM_Cortex-M4_MPS2</projdir><projdir>./startup_Cortex-M0</projdir><projdir>./smp_primes_A15x2-CoreTile</projdir><projdir>./startup_Cortex-M7</projdir><projdir>./flash_blinky-MCBSTM32E</projdir><projdir>./startup_Cortex-M4</projdir><projdir>./optimization3</projdir><projdir>./startup_Cortex-M3</projdir><projdir>./fireworks_snowball</projdir><projdir>./optimization2</projdir><projdir>./smp_primes_A9x4_AC6</projdir><projdir>./fireworks_A9-FVP_AC6</projdir><projdir>./smp_primes_A9x4_AC5</projdir></working_set></working_sets>