<?xml version="1.0"?>
<working_sets><working_set name="Bare-Metal Boards"><projdir>./ST-SPEAr310_RAM</projdir><projdir>./LOGIC_PD-iMX31_ZOOM_LITEKIT_RAM</projdir><projdir>./LOGIC_PD-AM3517_RAM</projdir><projdir>./LOGIC_PD-OMAP_3430_MDP_RAM</projdir><projdir>./FDI-LPC3250_RAM</projdir><projdir>./pandaboard.org-OMAP_4430_RAM</projdir><projdir>./Atmel-AT91SAM9M10-G45-EK_RAM</projdir><projdir>./Spectrum_Digital-AM1707_EVM_RAM</projdir><projdir>./beagleboard.org-xM_RAM</projdir><projdir>./Atmel-AT91SAM9G45-EK-ES_RAM</projdir><projdir>./ST-SPEAr300_RAM</projdir><projdir>./Xilinx-Zynq_7000_RAM</projdir><projdir>./Samsung-S5PC110_SMDK_RAM</projdir><projdir>./Samsung-Exynos_4210_RAM</projdir><projdir>./ST-SPEAr320_RAM</projdir><projdir>./Freescale-iMX53_QuickStart_RAM</projdir><projdir>./Mistral-AM3730_RAM</projdir><projdir>./nVidia-Tegra_250_Dev_Kit_RAM</projdir><projdir>./Atmel-AT91SAM9G15-EK_RAM</projdir><projdir>./Atmel-ATSAMA5D35-EK_RAM</projdir><projdir>./Spansion-Traveo_RAM</projdir><projdir>./LOGIC_PD-AM1808_EVM_RAM</projdir><projdir>./ST-SPEAr600_RAM</projdir><projdir>./Altera-Arria-10_RAM</projdir><projdir>./Freescale-iMX6Q_RAM</projdir><projdir>./Atmel-AT91SAM9X25-EK_RAM</projdir><projdir>./LOGIC_PD-OMAP_L138_eXperimenter_RAM</projdir><projdir>./LOGIC_PD-iMX27_ZOOM_LITEKIT_RAM</projdir><projdir>./Freescale-iMX50_EVK_RAM</projdir><projdir>./Samsung-S5PV210_SMDK_RAM</projdir><projdir>./Freescale-Vybrid-VF6xx-A5_RAM</projdir><projdir>./Samsung-S5PC100_SMDK_RAM</projdir><projdir>./Altera-Cyclone-V_RAM</projdir><projdir>./beagleboard.org-OMAP_3530_RAM</projdir><projdir>./Silica_Phytec-iMX35_RAM</projdir><projdir>./Freescale-iMX51_PDK_RAM</projdir><projdir>./Atmel-AT91SAM9G20-EK_RAM</projdir><projdir>./Freescale-iMX28_EVK_RAM</projdir><projdir>./Icytecture-iMX35_RAM</projdir><projdir>./Freescale-Vybrid-VF6xx-M4_RAM</projdir></working_set></working_sets>