<?xml version="1.0" encoding="utf-8"?>
<!DOCTYPE article PUBLIC "-//OASIS//DTD DocBook XML V4.1.2//EN" "http://www.oasis-open.org/docbook/xml/4.1.2/docbookx.dtd" [
<!ENTITY legal SYSTEM "legal.xml">
<!ENTITY appversion "2.12">
<!ENTITY manrevision "2.8">
<!ENTITY date "June 2004">
<!ENTITY app "<application>Gnometris</application>">
<!ENTITY appname "Gnometris">
<!ENTITY version "2.8">
]>
<!-- 
      (Do not remove this comment block.)
  Maintained by the GNOME Documentation Project
  http://developer.gnome.org/projects/gdp
  Template version: 2.0 beta
  Template last modified Feb 12, 2002
-->
<!-- =============Document Header ============================= -->
<article id="index" lang="sv">
<!-- please do not change the id; for translations, change lang to -->
<!-- appropriate code -->
  <articleinfo>
    <title>Handbok för <application>Gnometris</application></title>

    <abstract role="description">
      <para>
	Gnometris is GNOME's version of Tetris, the classic game of 
	interlocking four-piece blocks. As they fall from the top, 
	the player must orient them to fit the other blocks at the 
	bottom so that they form a complete horizontal line, in which 
	case that line disappears and the player gains points.
      </para>
    </abstract>

    <copyright>
      <year>2004</year>
      <holder>Angela Boyle</holder>
    </copyright><copyright><year>2007, 2009</year><holder>Daniel Nylander (po@danielnylander.se)</holder></copyright>

  <!-- translators: uncomment this:

  <copyright>
   <year>2000</year>
   <holder>ME-THE-TRANSLATOR (Latin translation)</holder>
  </copyright>

   -->
<!-- An address can be added to the publisher information.  If a role is 
     not specified, the publisher/author is the same for all versions of the 
     document.  -->
    <publisher> 
      <publishername>Dokumentationsprojekt för GNOME</publishername> 
    </publisher> 

     <legalnotice id="legalnotice">
	<para>Tillstånd att kopiera, distribuera och/eller modifiera detta dokument ges under villkoren i GNU Free Documentation License (GFDL), version 1.1 eller senare, utgivet av Free Software Foundation utan standardavsnitt och omslagstexter.  En kopia av GFDL finns att hämta på denna <ulink type="help" url="ghelp:fdl">länk</ulink> eller i filen COPYING-DOCS som medföljer denna handbok.</para>
         <para>Denna handbok utgör en av flera GNOME-handböcker som distribueras under villkoren i GFDL.  Om du vill distribuera denna handbok separat från övriga handböcker kan du göra detta genom att lägga till en kopia av licensavtalet i handboken enligt instruktionerna i avsnitt 6 i licensavtalet.</para>

	<para>Flera namn på produkter och tjänster är registrerade varumärken. I de fall dessa namn förekommer i GNOME-dokumentation - och medlemmarna i GNOME-dokumentationsprojektet är medvetna om dessa varumärken - är de skrivna med versaler eller med inledande versal.</para>

	<para>DOKUMENTET OCH MODIFIERADE VERSIONER AV DOKUMENTET TILLHANDAHÅLLS UNDER VILLKOREN I GNU FREE DOCUMENTATION LICENSE ENDAST UNDER FÖLJANDE FÖRUTSÄTTNINGAR: <orderedlist>
		<listitem>
		  <para>DOKUMENTET TILLHANDAHÅLLS I "BEFINTLIGT SKICK" UTAN NÅGRA SOM HELST GARANTIER, VARE SIG UTTRYCKLIGA ELLER UNDERFÖRSTÅDDA, INKLUSIVE, MEN INTE BEGRÄNSAT TILL, GARANTIER ATT DOKUMENTET ELLER EN MODIFIERAD VERSION AV DOKUMENTET INTE INNEHÅLLER NÅGRA FELAKTIGHETER, ÄR LÄMPLIGT FÖR ETT VISST ÄNDAMÅL ELLER INTE STRIDER MOT LAG. HELA RISKEN VAD GÄLLER KVALITET, EXAKTHET OCH UTFÖRANDE AV DOKUMENTET OCH MODIFIERADE VERSIONER AV DOKUMENTET LIGGER HELT OCH HÅLLET PÅ ANVÄNDAREN. OM ETT DOKUMENT ELLER EN MODIFIERAD VERSION AV ETT DOKUMENT SKULLE VISA SIG INNEHÅLLA FELAKTIGHETER I NÅGOT HÄNSEENDE ÄR DET DU (INTE DEN URSPRUNGLIGA SKRIBENTEN, FÖRFATTAREN ELLER NÅGON ANNAN MEDARBETARE) SOM FÅR STÅ FÖR ALLA EVENTUELLA KOSTNADER FÖR SERVICE, REPARATIONER ELLER KORRIGERINGAR. DENNA GARANTIFRISKRIVNING UTGÖR EN VÄSENTLIG DEL AV DETTA LICENSAVTAL. DETTA INNEBÄR ATT ALL ANVÄNDNING AV ETT DOKUMENT ELLER EN MODIFIERAD VERSION AV ETT DOKUMENT BEVILJAS ENDAST UNDER DENNA ANSVARSFRISKRIVNING;</para>
		</listitem>
		<listitem>
		  <para>UNDER INGA OMSTÄNDIGHETER ELLER INOM RAMEN FÖR NÅGON LAGSTIFTNING, OAVSETT OM DET GÄLLER KRÄNKNING (INKLUSIVE VÅRDSLÖSHET), KONTRAKT ELLER DYLIKT, SKA FÖRFATTAREN, DEN URSPRUNGLIGA SKRIBENTEN ELLER ANNAN MEDARBETARE ELLER ÅTERFÖRSÄLJARE AV DOKUMENTET ELLER AV EN MODIFIERAD VERSION AV DOKUMENTET ELLER NÅGON LEVERANTÖR TILL NÅGON AV NÄMNDA PARTER STÄLLAS ANSVARIG GENTEMOT NÅGON FÖR NÅGRA DIREKTA, INDIREKTA, SÄRSKILDA ELLER OFÖRUTSEDDA SKADOR ELLER FÖLJDSKADOR AV NÅGOT SLAG, INKLUSIVE, MEN INTE BEGRÄNSAT TILL, SKADOR BETRÄFFANDE FÖRLORAD GOODWILL, HINDER I ARBETET, DATORHAVERI ELLER NÅGRA ANDRA TÄNKBARA SKADOR ELLER FÖRLUSTER SOM KAN UPPKOMMA PÅ GRUND AV ELLER RELATERAT TILL ANVÄNDNINGEN AV DOKUMENTET ELLER MODIFIERADE VERSIONER AV DOKUMENTET, ÄVEN OM PART SKA HA BLIVIT INFORMERAD OM MÖJLIGHETEN TILL SÅDANA SKADOR.</para>
		</listitem>
	  </orderedlist></para>
  </legalnotice>


   <!-- This file  contains link to license for the documentation (GNU FDL),
and 
        other legal stuff such as "NO WARRANTY" statement. Please do not change 
	any of this. -->
	
    <authorgroup> 
      <author role="maintainer"> 
	<firstname>Angela</firstname> 
	<surname>Boyle</surname> 
	<affiliation> 
	  <address> <email>anjela@u.washington.edu</email> </address> 
	</affiliation> 
      </author> 
<!-- This is appropriate place for other contributors: translators,
      maintainers,  etc. Commented out by default.
       <othercredit role="translator">
	<firstname>Latin</firstname> 
	<surname>Translator 1</surname> 
	<affiliation> 
	  <orgname>Latin Translation Team</orgname> 
	  <address> <email>translator@gnome.org</email> </address> 
	</affiliation>
	<contrib>Latin translation</contrib>
      </othercredit>
-->
    </authorgroup>

    <revhistory>
      <revision> 
	<revnumber>Handbok för Gnometris v2.8</revnumber> 
	<date>Juni 2004</date> 
	<revdescription> 
	  <para role="author">Angela Boyle <email>anjela@u.washington.edu</email></para>
	  <para role="publisher">Dokumentationsprojekt för GNOME</para>
	</revdescription> 
      </revision> 
    </revhistory> 

    <releaseinfo>Den här handboken beskriver version 2.12 av Gnometris.</releaseinfo>
    <!-- The following feedback information only applies to applications
    listed in bugzilla.gnome.org and bugzilla.ximian.com. For other
    applications, please provide your own feedback info or remove this
    section altogether -->
    <legalnotice> 
      <title>Återkoppling</title> 
      <para>För att rapportera ett fel eller föreslå någonting angående programmet <application>Gnometris</application> eller den här handboken, följ anvisningarna på <ulink url="ghelp:user-guide?feedback-bugs" type="help">GNOME:s återkopplingssida</ulink>.</para>
<!-- Translators may also add here feedback address for translations -->
    </legalnotice>

  </articleinfo>

  <indexterm zone="index"> 
    <primary>Gnometris</primary> 
  </indexterm>

<!-- ==============================Document Body==================-->

<sect1 id="s1-intro">
 <title>Introduktion</title>

<!--synopsis of game-->
  <para><application>Gnometris</application> comes from the classic falling-block game, <application>Tetris</application>. The goal of the game is to create complete horizontal lines of blocks, which will disappear. The blocks come in seven different shapes made from four blocks each: one straight, two L-shaped, one square, and two S-shaped. The blocks fall from the top center of the screen in a random order. You rotate the blocks and move them across the screen to drop them in complete lines. You score by dropping blocks fast and completing lines. As your score gets higher, you level up and the blocks fall faster.</para>

<!--running game-->
   <para>To run <application>Gnometris</application>, select <menuchoice><guimenu>Applications</guimenu><guisubmenu>Games</guisubmenu><guimenuitem>Gnometris</guimenuitem></menuchoice>, or type <command>gnometris</command> in the command line.</para>

<!--part of gnome-games-->
   <para><application>Gnometris</application> är inkluderat i paketet <filename>gnome-games</filename>, som är en del av skrivbordsmiljön GNOME. Det här dokumentet beskriver version 2.8 av <application>Gnometris</application>.</para>
</sect1>

<sect1 id="s1-playing">
 <title>Spela <application>Gnometris</application></title>
  <para>You can score through two actions: completing lines and dropping blocks quickly. </para>
   <sect2 id="s2-block-moving">
     <title>Flytta klossarna</title>
      <para>To play the game, you only need the four arrow keys.</para>
       <itemizedlist>
        <listitem>
         <para><keycap>Left</keycap> and <keycap>Right</keycap> move the block correspondingly across the screen.</para>
        </listitem>
        <listitem>
         <para><keycap>Up</keycap> rotates the block. The default rotation is counterclockwise. You can change the rotation under <menuchoice><guimenu>Settings</guimenu><guimenuitem>Preferences</guimenuitem></menuchoice> and deselecting <guilabel>Rotate blocks counterclockwise</guilabel>.</para>
        </listitem>
        <listitem>
         <para><keycap>Down</keycap> and the <keycap>Space Bar</keycap> move the block down the screen faster.<keycap>Down</keycap> moves the block down faster. <keycap>Space-bar</keycap> moves the block directly to the bottom.</para>
        </listitem>
       </itemizedlist> 
   </sect2>
   <sect2 id="s2-newgame">
     <title>Starta ett nytt spel</title>
      <para>To begin a new game, go to <menuchoice><guimenu>Game</guimenu><guimenuitem>New Game</guimenuitem></menuchoice>. The game will begin dropping blocks from the center of the top of the window. The default start-up of the game has no blocks in the game window and shows the next block that will fall in the upper right hand corner. <guilabel>Score</guilabel> shows the number of points you have earned. <guilabel>Lines</guilabel> shows the number of lines you have completed. <guilabel>Level</guilabel> shows the level of difficulty you are on.</para>
    </sect2>
    <sect2 id="s2-pausegame">
     <title>Pausa spelet</title>
      <para>To pause your game, go to <menuchoice><guimenu>Game</guimenu><guimenuitem>Pause Game</guimenuitem></menuchoice>. You can only pause a game when you are playing. The time limit on pausing your game is unlimited. To unpause the game, go back to <menuchoice><guimenu>Game</guimenu><guimenuitem>Pause Game</guimenuitem></menuchoice>.</para>
    </sect2>
    <sect2 id="s2-endgame">
     <title>Avsluta spelet</title>
      <para>Go to <menuchoice><guimenu>Game</guimenu><guimenuitem>End Game</guimenuitem></menuchoice> to end your current game without quiting Gnometris.</para>
    </sect2>
    <sect2 id="s2-quitgame">
     <title>Quiting the <application>Gnometris</application></title>
      <para>To completely quit <application>Gnometris</application> go to <menuchoice><guimenu>Game</guimenu><guimenuitem>Quit</guimenuitem></menuchoice>. If you are in the middle of a game when you quit, you will end your game without saving your score.</para>
    </sect2>
    <sect2 id="s2-scoring">
     <title>Hur man får poäng</title>
     <para>You score points through two methods: dropping blocks faster and deleting complete lines of blocks. When you delete lines, you get more points, but dropping blocks faster will quickly add up. As you level up, the blocks will begin falling faster. The highest level is 10, at which point you will only have just over a second to manipulate each block.</para>
    </sect2> 
    <sect2 id="s2-pastscores">
     <title>Viewing Past Scores</title>
      <para>You can view the top ten scores played on your computer through <menuchoice><guimenu>Game</guimenu><guimenuitem>Scores</guimenuitem></menuchoice>. The names of the users are shown next the their score and the date they played.</para>
    </sect2> 
</sect1>

 
<sect1 id="s1-customizegame">
 <title>Customizing <application>Gnometris</application></title>
  <sect2 id="s2-customstartup">
   <title>Anpassa spelets uppstart</title>
    <para>By going to <menuchoice><guimenu>Settings</guimenu><guimenuitem>Preferences</guimenuitem></menuchoice>, you can customize a variety of features for the start-up of each Gnometris game: number and density of pre-filled rows, and starting level. "Pre-filled rows" refers to how many rows will already have blocks in them when you start each new game.</para>
    <sect3 id="s3-numberpfr">
     <title>Antal förifyllda rader</title>
      <para>You can change the number of rows that already have blocks at the start-up of each new game by using the spin box. You can start with up to 19 rows pre-filled at the start-up of your game. The default number of pre-filled rows is zero.</para>
     </sect3>
     <sect3 id="s3-densitypfr">
      <title>Densitet för förifyllda rader</title>
       <para>You can change the density of the blocks in the pre-filled rows at the start-up of each game. You can choose a density up to 10 blocks. You should first choose how many rows you want pre-filled under <guilabel>Number of Pre-filled Rows</guilabel>. The default density of blocks is three.</para>
     </sect3>
     <sect3 id="s3-startlevel">
      <title>Startnivå</title>
       <para>You can adjust the level of difficulty you start on. The highest level you can start on is 10, which is the highest level you can play to. The default starting level is one.</para>
     </sect3>
   </sect2>
   <sect2 id="s3-customblocks">
    <title>Anpassa klossarna</title>
    <para>From <menuchoice><guimenu>Settings</guimenu><guimenuitem>Preferences</guimenuitem></menuchoice>, you can customize a variety of features related to the blocks: previewing the next block, block colors, and block rotation.</para>
      <sect3 id="s3-sound">
	<title>Aktivera ljud</title>
	<para>Turn the sound effects on and off using this option. If you are playing this game in any area which you share with other people, you should probably select off.</para>
      </sect3>
     <sect3 id="s3-nextblock">
      <title>Förhandsgranska nästa kloss</title>
        <para>Choose this option if you want to see the next block that is going to fall. This feature helps you plan the placement of your blocks.</para>
     </sect3>
     <sect3 id="s3-blockcolors">
      <title>Använd slumpmässiga klossfärger</title>
       <para>Choose if you want the various block configurations to be color coded or randomly colored. If you use the colors to help you identify blocks, random colors will make the game more difficult.</para>
     </sect3>
     <sect3 id="s3-block-rotation">
      <title>Rotera klossar moturs</title>
       <para>Choose this option if you want the blocks to rotate counterclockwise or not.</para>
     </sect3>
     <sect3 id="s3-show-target">
      <title>Visa var klossen kommer att landa</title>
        <para>If this feature is used a grey image of the block will
  show you where the block will land. This feature is very useful for
  beginning players, but experienced players will find it a
  distraction.
       </para>
     </sect3>
   </sect2>
   <sect2 id="s2-customlook">
    <title>Anpassa utseendet för <application>Gnometris</application></title>
    <para>Under <menuchoice><guimenu>Settings</guimenu><guimenuitem>Preferences</guimenuitem></menuchoice>, you can customize the look of <application>Gnometris</application>: images for the blocks.</para>
     <sect3 id="s3-blockimage">
      <title>Klossbild</title>
       <para>You can change the style of the blocks, including image and size. There are a variety of pre-made styles.</para>
     </sect3>
     <sect3 id="s3-background">
       <title>Bakgrund</title> <para>If you drag your favorite image
       into the <application>Gnometris</application> window it will be
       used as the background. If you want a solid color as the
       background drag one in from either the color picker or from
       <application>nautlilus'</application> <guimenuitem>Backgrounds
       and Emblems</guimenuitem> dialog (the reset item from that
       dialog also works).</para>
     </sect3>
    </sect2>
   </sect1>

<sect1 id="authors">
  <title>Upphovsmän</title>
  <para>
   <application>Gnometris</application> was written by J. Marcin Gorycki
   in 1999 and maintained by Gnome Games Team since then. This manual was
   written by Angela Boyle.
   To report a bug or make a suggestion regarding this application or
   this manual, follow the directions in this
   <ulink url="ghelp:user-guide?feedback-bugs" type="help">document</ulink>.
  </para>

  <!-- For translations: uncomment this:

  <para>
   Latin translation was done by ME
   (<email>MYNAME@MYADDRESS</email>). Please send all  comments  and
   suggestions regarding this translation to SOMEWHERE.
  </para>

  -->
</sect1>


 <!-- ============= Application License ============================= -->

 <sect1 id="s1-license">
  <title>Licens</title>
  <para>This program is free software; you can redistribute it and/or modify it under the terms of the  <ulink type="help" url="gnome-help:gpl"> <citetitle>GNU General Public License</citetitle></ulink> as published by the Free Software Foundation;  either version 2 of the License, or (at your option) any later version.
  </para>
  <para>This program is distributed in the hope that it will be useful, but WITHOUT ANY WARRANTY; without even the implied warranty of MERCHANTABILITY or FITNESS FOR A PARTICULAR PURPOSE.  See the <citetitle>GNU General Public License</citetitle> for more details.
  </para>
  <para>A copy of the <citetitle>GNU General Public License</citetitle> is included as an appendix to the <citetitle>GNOME Users Guide</citetitle>.  You may also obtain a copy of the <citetitle>GNU General Public License</citetitle> from the Free Software Foundation by visiting <ulink type="http" url="http://www.fsf.org">their Web site</ulink> or by writing to
   <address>
    Free Software Foundation, Inc.
    <street>59 Temple Place</street> - Suite 330
    <city>Boston</city>, <state>MA</state> <postcode>02111-1307</postcode>
    <country>USA</country>
   </address>
  </para>
 </sect1>
</article>
