<?xml version="1.0" encoding="utf-8"?>
<!DOCTYPE article PUBLIC "-//OASIS//DTD DocBook XML V4.1.2//EN" "http://www.oasis-open.org/docbook/xml/4.1.2/docbookx.dtd" [
<!ENTITY legal SYSTEM "legal.xml">
<!ENTITY appversion "2.12">
<!ENTITY manrevision "2.8">
<!ENTITY date "June 2004">
<!ENTITY app "<application>Gnometris</application>">
<!ENTITY appname "Gnometris">
<!ENTITY version "2.8">
]>
<!-- 
      (Do not remove this comment block.)
  Maintained by the GNOME Documentation Project
  http://developer.gnome.org/projects/gdp
  Template version: 2.0 beta
  Template last modified Feb 12, 2002
-->
<!-- =============Document Header ============================= -->
<article id="index" lang="el">
<!-- please do not change the id; for translations, change lang to -->
<!-- appropriate code -->
  <articleinfo>
    <title>Τεκμηρίωση <application>Gnometris</application></title>

    <abstract role="description">
      <para>Το Gnometris είναι μια εκδοχή για το GNOME του Tetris, του κλασσικού παιχνιδιού τακτοποίησης κομματιών. Καθώς πέφτουν από πάνω, ο χρήστης πρέπει να τα προσανατολίσει ώστε να ταιριάξουν στα άλλα κομμάτια στο κάτω μέρος, ώστε να διαμορφώνονται πλήρεις οριζόντιες γραμμές. Σ' αυτή την περίπτωση οι γραμμές εξαφανίζονται και ο παίκτης κερδίζει πόντους. </para>
    </abstract>

    <copyright>
      <year>2004</year>
      <holder>Angela Boyle</holder>
    </copyright><copyright><year>2007</year><holder>Χρήστος Μπούνταλης (mpounta@gmail.com)</holder></copyright>

  <!-- translators: uncomment this:

  <copyright>
   <year>2000</year>
   <holder>ME-THE-TRANSLATOR (Latin translation)</holder>
  </copyright>

   -->
<!-- An address can be added to the publisher information.  If a role is 
     not specified, the publisher/author is the same for all versions of the 
     document.  -->
    <publisher> 
      <publishername>Έργο τεκμηρίωσης GNOME</publishername> 
    </publisher> 

     <legalnotice id="legalnotice">
	<para>Χορηγείται άδεια αντιγραφής, διανομής και/ή τροποποίησης του παρόντος εγγράφου υπό τους όρους της έκδοσης 1.1 της Ελεύθερης Άδειας Τεκμηρίωσης GNU (GFDL), ή οποιασδήποτε μεταγενέστερης έκδοσής αυτής από το Ίδρυμα Ελεύθερου Λογισμικού (FSF), χωρίς αμετάβλητα τμήματα, κείμενα εξωφύλλου και κείμενα οπισθοφύλλου. Αντίγραφο της άδειας GFDL είναι διαθέσιμο στον ακόλουθο <ulink type="help" url="ghelp:fdl">σύνδεσμο</ulink>, ή στο αρχείο COPYING-DOCS που διανέμεται μαζί με το παρόν εγχειρίδιο.</para>
         <para>Αυτό το εγχειρίδιο αποτελεί μέρος της συλλογής εγχειριδίων του GNOME που διανέμονται υπό τους όρους της GFDL. Αν επιθυμείτε να διανείμετε το παρόν εγχειρίδιο ξεχωριστά από τη συλλογή, οφείλετε να προσθέσετε στο εγχειρίδιο αντίγραφο της άδειας χρήσης, όπως προβλέπεται στο άρθρο 6 της άδειας.</para>

	<para>Πολλές από τις ονομασίες που χρησιμοποιούνται από εταιρείες για την διαφοροποίηση των προϊόντων και υπηρεσιών τους έχουν καταχωρισθεί ως εμπορικά σήματα. Σε όποιο σημείο της τεκμηρίωσης GNOME τυχόν εμφανίζονται αυτές οι ονομασίες, και εφόσον τα μέλη του Έργου τεκμηρίωσης GNOME έχουν λάβει γνώση αυτών των εμπορικών σημάτων, οι ονομασίες ή τα αρχικά αυτών θα γράφονται με κεφαλαίους χαρακτήρες.</para>

	<para>ΤΟ ΠΑΡΟΝ ΕΓΓΡΑΦΟ ΚΑΙ ΟΙ ΤΡΟΠΟΙΗΜΕΝΕΣ ΕΚΔΟΣΕΙΣ ΑΥΤΟΥ ΠΑΡΕΧΟΝΤΑΙ ΥΠΟ ΤΟΥΣ ΟΡΟΥΣ ΤΗΣ ΕΛΕΥΘΕΡΗΣ ΑΔΕΙΑΣ ΤΕΚΜΗΡΙΩΣΗΣ GNU (GFDL) ΚΑΙ ΜΕ ΤΗΝ ΠΕΡΑΙΤΕΡΩ ΔΙΕΥΚΡΙΝΙΣΗ ΟΤΙ: <orderedlist>
		<listitem>
		  <para>ΤΟ ΠΑΡΟΝ ΕΓΓΡΑΦΟ ΠΑΡΕΧΕΤΑΙ "ΩΣ ΕΧΕΙ", ΧΩΡΙΣ ΟΠΟΙΑΔΗΠΟΤΕ ΑΛΛΗ ΕΓΓΥΗΣΗ, ΕΙΤΕ ΡΗΤΗ ΕΙΤΕ ΣΙΩΠΗΡΗ, ΣΥΜΠΕΡΙΛΑΜΒΑΝΟΜΕΝΗΣ, ΧΩΡΙΣ ΠΕΡΙΟΡΙΣΜΟ, ΤΗΣ ΕΓΓΥΗΣΗΣ ΟΤΙ ΤΟ ΕΓΓΡΑΦΟ, Ή Η ΤΡΟΠΟΠΟΙΗΜΕΝΗ ΕΚΔΟΣΗ ΑΥΤΟΥ, ΕΙΝΑΙ ΕΜΠΟΡΕΥΣΙΜΟ, ΚΑΤΑΛΛΗΛΟ ΓΙΑ ΕΙΔΙΚΟ ΣΚΟΠΟ ΚΑΙ ΔΕΝ ΠΡΟΣΒΑΛΛΕΙ ΔΙΚΑΙΩΜΑΤΑ ΤΡΙΤΩΝ. Ο ΧΡΗΣΤΗΣ ΑΝΑΛΑΜΒΑΝΕΙ ΕΞ ΟΛΟΚΛΗΡΟΥ ΤΗΝ ΕΘΥΝΗ ΩΣ ΠΡΟΣ ΤΗΝ ΠΟΙΟΤΗΤΑ, ΤΗΝ ΑΚΡΙΒΕΙΑ ΚΑΙ ΤΗΝ ΧΡΗΣΗ ΤΟΥ ΕΓΓΡΑΦΟΥ Ή ΤΗΣ ΤΡΟΠΟΠΟΙΗΜΕΝΗΣ ΕΚΔΟΣΗΣ ΑΥΤΟΥ. ΣΕ ΠΕΡΙΠΤΩΣΗ ΠΟΥ ΟΠΟΙΟΔΗΠΟΤΕ ΕΓΓΡΑΦΟ Ή ΤΡΟΠΟΠΟΙΗΜΕΝΗ ΕΚΔΟΣΗ ΑΥΤΟΥ ΑΠΟΔΕΙΧΘΟΥΝ ΕΛΑΤΤΩΜΑΤΙΚΑ ΚΑΘ' ΟΙΟΝΔΗΠΟΤΕ ΤΡΟΠΟ, Ο ΧΡΗΣΤΗΣ (ΚΑΙ ΟΧΙ Ο ΑΡΧΙΚΟΣ ΣΥΓΓΡΑΦΕΑΣ, ΔΗΜΙΟΥΡΓΟΣ Ή ΟΠΟΙΟΣΔΗΠΟΤΕ ΣΥΝΤΕΛΕΣΤΗΣ) ΑΝΑΛΑΜΒΑΝΕΙ ΤΟ ΚΟΣΤΟΣ ΟΠΟΙΑΣΔΗΠΟΤΕ ΑΝΑΓΚΑΙΑΣ ΣΥΝΤΗΡΗΣΗΣ, ΕΠΙΣΚΕΥΗΣ Ή ΔΙΟΡΘΩΣΗΣ. Η ΠΑΡΟΥΣΑ ΑΠΟΠΟΙΗΣΗ ΕΓΓΥΗΣΗΣ ΑΠΟΤΕΛΕΙ ΑΝΑΠΟΣΠΑΣΤΟ ΜΕΡΟΣ ΤΗΣ ΑΔΕΙΑΣ. ΔΕΝ ΕΠΙΤΡΕΠΕΤΑΙ ΟΥΔΕΜΙΑ ΧΡΗΣΗ ΤΟΥ ΕΓΓΡΑΦΟΥ Ή ΤΡΟΠΟΠΟΙΗΜΕΝΩΝ ΕΚΔΟΣΕΩΝ ΑΥΤΟΥ ΣΥΜΦΩΝΑ ΜΕ ΤΟΥΣ ΟΡΟΥΣ ΤΗΣ ΠΑΡΟΥΣΑΣ,  ΠΑΡΑ ΜΟΝΟ ΕΑΝ ΣΥΝΟΔΕΥΕΤΑΙ ΑΠΟ ΤΗΝ ΑΠΟΠΟΙΗΣΗ ΕΓΓΥΗΣΗΣ,  ΚΑΙ</para>
		</listitem>
		<listitem>
		  <para>Ο ΔΗΜΙΟΥΡΓΟΣ, Ο ΑΡΧΙΚΟΣ ΣΥΓΓΡΑΦΕΑΣ, ΟΙ ΣΥΝΤΕΛΕΣΤΕΣ Ή ΟΙ ΔΙΑΝΟΜΕΙΣ ΤΟΥ ΕΓΓΡΑΦΟΥ Ή ΤΡΟΠΟΠΟΙΗΜΕΝΗΣ ΕΚΔΟΣΗΣ ΑΥΤΟΥ, ΚΑΘΩΣ ΚΑΙ ΟΙ ΠΡΟΜΗΘΕΥΤΕΣ ΟΠΟΙΩΝΔΗΠΟΤΕ ΕΚ ΤΩΝ ΠΡΟΑΝΑΦΕΡΟΜΕΝΩΝ ΜΕΡΩΝ, ΔΕΝ ΕΥΘΥΝΟΝΤΑΙ ΕΝΑΝΤΙ ΟΙΟΥΔΗΠΟΤΕ, ΣΕ ΚΑΜΙΑ ΠΕΡΙΠΤΩΣΗ ΚΑΙ ΥΠΟ ΚΑΜΙΑ ΕΡΜΗΝΕΙΑ ΝΟΜΟΥ, ΕΙΤΕ ΕΞ ΑΔΙΚΟΠΡΑΞΙΑΣ (ΣΥΜΠΕΡΙΛΑΜΒΑΝΟΜΕΝΗΣ ΤΗΣ ΑΜΕΛΕΙΑΣ) ΕΙΤΕ ΣΤΟ ΠΛΑΙΣΙΟ ΣΥΜΒΑΤΙΚΗΣ Ή ΑΛΛΗΣ ΥΠΟΧΡΕΩΣΗΣ, ΓΙΑ ΤΥΧΟΝ ΑΜΕΣΕΣ, ΕΜΜΕΣΕΣ, ΕΙΔΙΚΕΣ, ΤΥΧΑΙΕΣ Ή ΣΥΝΕΠΑΚΟΛΟΥΘΕΣ ΖΗΜΙΕΣ ΟΠΟΙΑΣΔΗΠΟΤΕ ΜΟΡΦΗΣ, ΣΥΜΠΕΡΙΛΑΜΒΑΝΟΜΕΝΩΝ, ΧΩΡΙΣ ΠΕΡΙΟΡΙΣΜΟ, ΖΗΜΙΩΝ ΛΟΓΩ ΑΠΩΛΕΙΑΣ ΦΗΜΗΣ ΚΑΙ ΠΕΛΑΤΕΙΑΣ, ΔΙΑΚΟΠΗΣ ΕΡΓΑΣΙΩΝ, ΔΥΣΛΕΙΤΟΥΡΓΙΑΣ Ή ΒΛΑΒΗΣ ΗΛΕΚΤΡΟΝΙΚΩΝ ΥΠΟΛΟΓΙΣΤΩΝ, Ή ΚΑΘΕ ΑΛΛΗΣ ΖΗΜΙΑΣ Ή ΑΠΩΛΕΙΑΣ ΠΟΥ ΟΦΕΙΛΕΤΑΙ Ή ΣΧΕΤΙΖΕΤΑΙ ΜΕ ΤΗΝ ΧΡΗΣΗ ΤΟΥ ΕΓΓΡΑΦΟΥ ΚΑΙ ΤΩΝ ΤΡΟΠΟΠΟΙΗΜΕΝΩΝ ΕΚΔΟΣΕΩΝ ΑΥΤΟΥ, ΑΚΟΜΑ ΚΑΙ ΑΝ ΤΑ ΩΣ ΑΝΩ ΜΕΡΗ ΕΙΧΑΝ ΛΑΒΕΙ ΓΝΩΣΗ ΤΗΣ ΠΙΘΑΝΟΤΗΤΑΣ ΠΡΟΚΛΗΣΗΣ ΤΕΤΟΙΩΝ ΖΗΜΙΩΝ.</para>
		</listitem>
	  </orderedlist></para>
  </legalnotice>


   <!-- This file  contains link to license for the documentation (GNU FDL),
and 
        other legal stuff such as "NO WARRANTY" statement. Please do not change 
	any of this. -->
	
    <authorgroup> 
      <author role="maintainer"> 
	<firstname>Angela</firstname> 
	<surname>Boyle</surname> 
	<affiliation> 
	  <address> <email>anjela@u.washington.edu</email> </address> 
	</affiliation> 
      </author> 
<!-- This is appropriate place for other contributors: translators,
      maintainers,  etc. Commented out by default.
       <othercredit role="translator">
	<firstname>Latin</firstname> 
	<surname>Translator 1</surname> 
	<affiliation> 
	  <orgname>Latin Translation Team</orgname> 
	  <address> <email>translator@gnome.org</email> </address> 
	</affiliation>
	<contrib>Latin translation</contrib>
      </othercredit>
-->
    </authorgroup>

    <revhistory>
      <revision> 
	<revnumber>Τεκμηρίωση Gnometris V2.8</revnumber> 
	<date>Ιούνιος 2004</date> 
	<revdescription> 
	  <para role="author">Angela Boyle <email>anjela@u.washington.edu</email></para>
	  <para role="publisher">Έργο τεκμηρίωσης GNOME</para>
	</revdescription> 
      </revision> 
    </revhistory> 

    <releaseinfo>Αυτό το εγχειρίδιο περιγράφει την έκδοση 2.12 του Gnometris.</releaseinfo>
    <!-- The following feedback information only applies to applications
    listed in bugzilla.gnome.org and bugzilla.ximian.com. For other
    applications, please provide your own feedback info or remove this
    section altogether -->
    <legalnotice> 
      <title>Ανάδραση</title> 
      <para>Για να αναφέρετε ένα σφάλμα ή να κάνετε μια πρόταση σχετικά με το <application>Gnometris</application>  ή αυτή την τεκμηρίωση, ακολουθήστε τις οδηγίες στη σελίδα <ulink url="ghelp:user-guide?feedback-bugs" type="help">ανάδρασης GNOME </ulink>.</para>
<!-- Translators may also add here feedback address for translations -->
    </legalnotice>

  </articleinfo>

  <indexterm zone="index"> 
    <primary>Gnometris</primary> 
  </indexterm>

<!-- ==============================Document Body==================-->

<sect1 id="s1-intro">
 <title>Εισαγωγή</title>

<!--synopsis of game-->
  <para>Το Gnometris προέρχεται από το κλασικό παιχνίδι κύβων, Tetris. Ο στόχος του παιχνιδιού είναι να δημιουργηθούν οι πλήρεις οριζόντιες γραμμές κύβων, οι οποίες θα εξαφανιστούν. Οι κύβοι έρχονται σε επτά διαφορετικές μορφές που γίνονται από τέσσερις κύβους κάθε ένας: ένας ευθύς, δύο με σχήμα L, ένα τετράγωνο, και δύο σχήμα S. Οι κύβοι πέφτουν από το κορυφαίο κέντρο της οθόνης σε μια τυχαία σειρά. Εσείς περιστρέφετε τους κύβους και τους κινείτε στην οθόνη για να τους ρίξετε και να δημιουργήσετε πλήρεις γραμμές. Αυξάνετε την βαθμολογία σας με τη ρίψη των κύβων γρήγορων και την ολοκλήρωση των γραμμών. Όσο η βαθμολογία σας αυξάνεται, αυξάνεται και το επίπεδο δυσκολίας, και η πτώση των κύβων γίνεται γρηγορότερη.</para>

<!--running game-->
   <para>Για να τρέξετε το <application>Gnometris</application>, επιλέξτε <menuchoice><guimenu>Εφαρμογές</guimenu><guisubmenu>Παιγνίδια</guisubmenu><guimenuitem>Gnometris</guimenuitem></menuchoice>, ή πληκτρολογείστε <command>gnometris</command> στην γραμμή εντολών.</para>

<!--part of gnome-games-->
   <para>To <application>Gnometris</application> συμπεριλαμβάνεται στο πακέτο <filename>gnome-games</filename>, το οποίο είναι κομμάτι του γραφικού περιβάλλοντος επιφάνειας εργασίας GNOME. Αυτό το κείμενο περιγράφει την έκδοση 2.8 του <application>Gnometris</application>.</para>
</sect1>

<sect1 id="s1-playing">
 <title>Παίζοντας  <application>Gnometris</application></title>
  <para>Μπορείτε να αυξήσετε την βαθμολογία σας με δύο τρόπους: συμπληρώνοντας γραμμές και ρίχνοντας τους κύβους γρήγορα.</para>
   <sect2 id="s2-block-moving">
     <title>Μετακινώντας τους Κύβους</title>
      <para>Για να παίξετε το παιχνίδι, χρειάζεστε μόνο τα τέσσερα πλήκτρα βέλη.</para>
       <itemizedlist>
        <listitem>
         <para>Το <keycap>Left</keycap> (Αριστερό Βέλος) και το <keycap>Right</keycap> (Δεξί Βέλος) μετακινούν τον κύβο αντίστοιχα στην οθόνη.</para>
        </listitem>
        <listitem>
         <para>Το <keycap>Up</keycap> (Πάνω Βέλος) περιστρέφει τον κύβο. Η προεπιλεγμένη φοράς περιστροφής είναι προς τα αριστερά. Μπορείτε να αλλάξετε την φορά πηγαίνωντας στο <menuchoice><guimenu>Ρυθμίσεις</guimenu><guimenuitem>Επιλογές</guimenuitem></menuchoice> και ξεδιαλέγωντας το <guilabel>Περιστροφή κύβων προς τα αριστερά</guilabel>.</para>
        </listitem>
        <listitem>
         <para>Το <keycap>Down</keycap> (Κάτω Βέλος) και το <keycap>Space Bar</keycap> μετακινούν το κύβο κάτω στην οθόνη γρηγορότερα. Το <keycap>Down</keycap> (Κάτω Βέλος) μετακινεί το κύβο κάτω γρηγορότερα. Το <keycap>Space-bar</keycap> μετακινεί το κύβο κατευθείαν στο χαμηλότερο δυνατό σημείο.</para>
        </listitem>
       </itemizedlist> 
   </sect2>
   <sect2 id="s2-newgame">
     <title>Εκκίνηση Νέου Παιγνιδιού</title>
      <para>Για να ξεκινήσετε ένα νέο παιγνίδι, πηγαίνετε στο <menuchoice><guimenu>Παιγνίδι</guimenu><guimenuitem>Νέο Παιγνίδι</guimenuitem></menuchoice>Το παιγνίδι θα ξεκινήσει με κύβους να πέφτουν από το κέντρο και κορυφή της οθόνης. Η προεπιλεγμένη αρχή του παιγνιδιού δεν έχει κύβους στην οθόνη και δείχνει το επόμενο κύβο ο οποίος θα πέσει στην πάνω δεξιά γωνία. <guilabel>Βαθμολογία</guilabel> δείχνει την βαθμολογία σας στο παιγνίδι. <guilabel>Γραμμές</guilabel> δείχνει τον αριθμό των γραμμών που έχετε συμπληρώσει.<guilabel>Επίπεδο</guilabel> δείχνει το επίπεδο δυσκολίας στο οποίο παίζεται εκείνη την στιγμή.</para>
    </sect2>
    <sect2 id="s2-pausegame">
     <title>Παύση Παιγνιδιού</title>
      <para>Για να σταματήσετε προσωρινά το παιγνίδι, πηγαίνετε στο <menuchoice><guimenu>Παιγνίδι</guimenu><guimenuitem>Παύση Παιγνιδιού</guimenuitem></menuchoice>. Μπορείτε να σταματήσετε ένα παιγνίδι μόνο όταν παίζετε. Το χρονικό όριο για το οποίο σταματάει το παιγνίδι είναι απεριόριστο. Για να συνεχίσετε το παιγνίδι, πηγαίνετε πίσω στο <menuchoice><guimenu>Παιγνίδι</guimenu><guimenuitem>Παύση Παιγνιδιού</guimenuitem></menuchoice>. </para>
    </sect2>
    <sect2 id="s2-endgame">
     <title>Τέλος Παιγνιδιού</title>
      <para>Επιλέξτε <menuchoice><guimenu>Παιγνίδι</guimenu><guimenuitem>Τέλος Παιγνιδιού</guimenuitem></menuchoice> για να τερματίσετε το παιγνίδι το οποίο παίζεται χωρίς να εγκαταλείψετε το Gnometris.</para>
    </sect2>
    <sect2 id="s2-quitgame">
     <title>Κλείσιμο του <application>Gnometris</application></title>
      <para>Για να εγκαταλείψετε την εφαρμογή <application>Gnometris</application> επιλέξτε <menuchoice><guimenu>Παιγνίδι</guimenu><guimenuitem>Έξοδος</guimenuitem></menuchoice>. Εάν είστε στην μέση του παιγνιδιού όταν εγκαταλείπετε, το παιγνίδι θα τελειώσει χωρίς να αποθηκευτεί η βαθμολογία σας. </para>
    </sect2>
    <sect2 id="s2-scoring">
     <title>Βαθμολογία</title>
     <para>Αυξάνετε την βαθμολογία σας με δύο μεθόδους: είτε ρίχνοντας του κύβους γρηγορότερα είτε διαγράφοντας τις ολοκληρωμένες γραμμές των κύβων. Όταν διαγράφετε γραμμές, κερδίζετε περισσότερους πόντους, αλλά ρίχνοντας τους κύβους γρηγορότερα θα στοιβάζονται και περισσότεροι. Καθώς ανεβαίνετε επίπεδα, οι κύβοι θα ξεκινήσουν να πέφτουν γρηγορότερα. Το μεγαλύτερο επίπεδο είναι το 10, στο οποίο έχετε μόλις ένα δευτερόλεπτο να διαχειριστείτε τον κάθε κύβο. </para>
    </sect2> 
    <sect2 id="s2-pastscores">
     <title>Προβολή πίνακα βαθμολογίας</title>
      <para>Μπορείτε να δείτε τις κορυφαίες 10 βαθμολογίες στον υπολογιστή σας μέσω του <menuchoice><guimenu>Παιγνίδι</guimenu><guimenuitem>Βαθμολογίες</guimenuitem></menuchoice>. Τα ονόματα των χρηστών εμφανίζονται δίπλα στην βαθμολογία τους και την ημερομηνία κατά την οποίαν έπαιξαν.</para>
    </sect2> 
</sect1>

 
<sect1 id="s1-customizegame">
 <title>Παραμετροποίηση <application>Gnometris</application></title>
  <sect2 id="s2-customstartup">
   <title>Παραμετροποίηση του παιγνιδιού κατά την εκκίνηση</title>
    <para>Πηγαίνοντας στις <menuchoice><guimenu>Ρυθμίσεις</guimenu><guimenuitem>Επιλογές</guimenuitem></menuchoice>, μπορείτε να προσαρμόσετε ποικίλα χαρακτηριστικά γνωρίσματα για το ξεκίνημα κάθε παιχνιδιού Gnometris: αριθμό και πυκνότητα των προ-γεμισμένων σειρών, και αρχικό επίπεδο. "Προ-γεμισμένες σειρές " αναφέρεται σε πόσες σειρές θα έχουν ήδη τους κύβους όταν αρχίζετε ένα νέο παιχνίδι.</para>
    <sect3 id="s3-numberpfr">
     <title>Αριθμός προ-συμπληρωμένων γραμμών:</title>
      <para>Μπορείτε να αλλάξετε τον αριθμό σειρών που έχουν ήδη τους κύβους στο ξεκίνημα κάθε νέου παιχνιδιού με τη χρησιμοποίηση του κιβωτίου περιστροφής. Μπορείτε να αρχίσετε με μέχρι 19 σειρές που γεμίζονται εκ των προτέρων στο ξεκίνημα του παιχνιδιού σας. Ο αριθμός προεπιλογής προ-γεμισμένων σειρών είναι μηδέν.</para>
     </sect3>
     <sect3 id="s3-densitypfr">
      <title>Πυκνότητα κύβων στις προ-συμπληρωμένες γραμμές:</title>
       <para>Μπορείτε να αλλάξετε την πυκνότητα των κύβων στις προ-γεμισμένες σειρές στην αρχή κάθε παιγνιδιού. Μπορείτε να διαλέξετε πυκνότητα έως και 10 κύβους. Θα πρέπει πρώτα να διαλέξετε πόσες γραμμές θέλετε να προ-γεμίσετε κάτω από τον <guilabel>Αριθμό προ-συμπληρωμένων γραμμών</guilabel>. Η προ-επιλεγμένη πυκνότητα των κύβων είναι τρία.</para>
     </sect3>
     <sect3 id="s3-startlevel">
      <title>Επίπεδο εκκίνησης</title>
       <para>Μπορείτε να καθορίσετε το επίπεδο δυσκολίας στο οποίο ξεκινάτε. Το μεγαλύτερο επίπεδο είναι το 10, το οποίο είναι το μεγαλύτερο που μπορείτε να παίξετε. Το προεπιλεγμένο επίπεδο εκκίνησης είναι το ένα.</para>
     </sect3>
   </sect2>
   <sect2 id="s3-customblocks">
    <title>Παραμετροποίηση των Κύβων</title>
    <para>Από τις <menuchoice><guimenu>Ρυθμίσεις</guimenu><guimenuitem>Επιλογές</guimenuitem></menuchoice>, μπορείτε να παραμετροποιήσετε μια ποικιλία δυνατοτήτων σχετικών με τους κύβους: προεπισκόπηση επόμενου κύβου, χρώματα των κύβων, και περιστροφή των κύβων. </para>
      <sect3 id="s3-sound">
	<title>Ενεργοποίηση ήχων</title>
	<para>Απ/Ενεργοποιήστε τον ήχο χρησιμοποιώντας αυτήν την επιλογή. Εάν παίζετε αυτό το παιγνίδι σε ένα μέρος στο οποίο βρίσκονται και άλλοι άνθρωποι, θα πρέπει πιθανότατα να τον απενεργοποιήσετε. </para>
      </sect3>
     <sect3 id="s3-nextblock">
      <title>Προεπισκόπιση Επόμενου Κύβου</title>
        <para>Διαλέξτε αυτή την επιλογή αν θέλετε να βλέπετε τον επόμενο κύβο που πρόκειται να πέσει. Αυτή η δυνατότητα σας βοηθάει να σχεδιάζετε την τοποθέτηση των κύβων.</para>
     </sect3>
     <sect3 id="s3-blockcolors">
      <title>Τυχαία Χρώματα Κύβων</title>
       <para>Διαλέξτε αν θέλετε οι ποικίλες παραμετροποιήσεις των κύβων να υπακούν σε χρωματικό κώδικα ή να είναι τυχαία χρωματισμένες. Εάν χρησιμοποιείτε το χρώμα για να αναγνωρίσετε τους κύβους, τα τυχαία χρώματα θα αυξήσουν το βαθμό δυσκολίας του παιγνιδιού. </para>
     </sect3>
     <sect3 id="s3-block-rotation">
      <title>Περιστροφή Κύβων Προς Τα Αριστερά</title>
       <para>Διαλέξτε αυτήν την επιλογή αν θέλετε οι κύβοι να μετακινούνται προς τα αριστερά η όχι. </para>
     </sect3>
     <sect3 id="s3-show-target">
      <title>Εμφάνιση της θέσης προσγείωσης του κομματιού</title>
        <para>Εάν χρησιμοποιείτε αυτήν την δυνατότητα μία γκρι εικόνα θα σας δείχνει την τοποθεσία όπου θα προσγειωθεί ο κύβος. Αυτή η δυνατότητα είναι πολύ χρήσιμη για τους αρχάριους παίχτες, οι έμπειροι παίχτες όμως θα το βρουν ως απόσπαση προσοχής.</para>
     </sect3>
   </sect2>
   <sect2 id="s2-customlook">
    <title>Παραμετροποίηση Εμφάνισης του <application>Gnometris</application></title>
    <para>Στις <menuchoice><guimenu>Ρυθμίσεις</guimenu><guimenuitem>Επιλογές</guimenuitem></menuchoice>, μπορείτε να παραμετροποιήσετε την εμφάνιση του <application>Gnometris</application>: εικόνες για τους κύβους. </para>
     <sect3 id="s3-blockimage">
      <title>Εικόνα Κύβου</title>
       <para>Μπορείτε να αλλάξετε το στυλ των κύβων, συμπεριλαμβανομένων εικόνας και μεγέθους. Υπάρχει μια ποικιλία προ-κατασκευασμένων στυλ. </para>
     </sect3>
     <sect3 id="s3-background">
       <title>Παρασκήνιο</title> <para>Εάν σύρετε την αγαπημένη εικόνα σας στο παράθυρο <application>Gnometris</application> θα χρησιμοποιηθεί ως παρασκήνιο. Εάν θέλετε ένα στερεό χρώμα ως παρασκήνιο τότε σύρετε ένα μέσα από τον συλλέκτη χρώματος είτε από το διάλογο <application>nautlilus'</application><guimenuitem>Παρασκήνια και Εμβλήματα</guimenuitem> (το επαναφορά αντικειμένου από εκείνη την εργασία διαλόγου δουλεύει επίσης).</para>
     </sect3>
    </sect2>
   </sect1>

<sect1 id="authors">
  <title>Συγγραφείς</title>
  <para>Το <application>Gnometris</application> δημιουργήθηκε από τον J. Marcin Gorycki το 1999 και συντηρείται από την Ομάδα παιχνιδιών του GNOME έκτοτε. Αυτή η τεκμηρίωση γράφτηκε από την Angela Boyle. Για να αναφέρετε ένα σφάλμα ή να κάνετε μια πρόταση σχετικά με αυτή την εφαρμογή ή αυτή την τεκμηρίωση, ακολουθήστε τις οδηγίες σε αυτό το <ulink url="ghelp:user-guide?feedback-bugs" type="help">έγγραφο</ulink>. </para>

  <!-- For translations: uncomment this:

  <para>
   Latin translation was done by ME
   (<email>MYNAME@MYADDRESS</email>). Please send all  comments  and
   suggestions regarding this translation to SOMEWHERE.
  </para>

  -->
</sect1>


 <!-- ============= Application License ============================= -->

 <sect1 id="s1-license">
  <title>Άδεια χρήσης</title>
  <para>Αυτό το πρόγραμμα είναι ελεύθερο λογισμικό. Επιτρέπεται η αναδιανομή ή/και τροποποίησή του υπό τους όρους της Γενικής Άδειας Δημόσιας Χρήσης GNU (<ulink type="help" url="gnome-help:gpl"><citetitle>GNU General Public License</citetitle></ulink>) όπως αυτή δημοσιεύεται από το Ίδρυμα Ελεύθερου Λογισμικού (Free Software Foundation) - είτε της έκδοσης 2 της άδειας, είτε (κατ' επιλογήν) οποιασδήποτε μεταγενέστερης έκδοσης.</para>
  <para>Το πρόγραμμα αυτό διανέμεται με την ελπίδα ότι θα αποδειχθεί χρήσιμο, παρόλα αυτά ΧΩΡΙΣ ΚΑΜΙΑ ΕΓΓΥΗΣΗ — χωρίς ούτε και την σιωπηρή εγγύηση ΕΜΠΟΡΕΥΣΙΜΟΤΗΤΑΣ ή ΚΑΤΑΛΛΗΛΟΤΗΤΑΣ ΓΙΑ ΕΙΔΙΚΟ ΣΚΟΠΟ. Για περισσότερες λεπτομέρειες ανατρέξτε στη <citetitle>Γενική ‘Αδεια Δημόσιας Χρήσης GNU (GPL)</citetitle>.</para>
  <para>Αντίγραφο της <citetitle>Γενικής Άδειας Δημόσιας Χρήσης GNU (GPL)</citetitle> περιλαμβάνεται ως παράρτημα στον <citetitle>Οδηγό χρήστη GNOME</citetitle>. Επίσης, αντίγραφο της <citetitle>Γενικής Άδειας Δημόσιας Χρήσης GNU (GPL)</citetitle> μπορείτε να παραλάβετε από το  Ίδρυμα Ελεύθερου Λογισμικού (FSS), είτε επισκεπτόμενοι τον <ulink type="http" url="http://www.fsf.org">ιστοχώρο</ulink> του, είτε γράφοντας στη διεύθυνση <address> Free Software Foundation, Inc. <street>51 Franklin Street, Fifth Floor</street> <city>Boston</city>, <state>MA</state><postcode>02110-1301</postcode><country>USA</country></address>.</para>
 </sect1>
</article>
