<?xml version="1.0" encoding="UTF-8"?>
<captured version="1" live_energy_delta="1354706115" created="1457348618" streamline_version="240" protocol="240">
	<target name="V2P-CA15_CA7" sample_rate="1009" cores="5" cpuid="0x41c0f" supports_live="yes"/>
	<counters>
		<counter key="0x15" type="ARMv7_Cortex_A7_cnt1" event="0x10"/>
		<counter key="0x17" type="ARMv7_Cortex_A7_cnt2" event="0x16"/>
		<counter key="0x11" type="ARMv7_Cortex_A7_ccnt" event="0xff"/>
		<counter key="0x13" type="ARMv7_Cortex_A7_cnt0" event="0x8"/>
		<counter key="0x9" type="ARMv7_Cortex_A15_cnt2" event="0x10"/>
		<counter key="0xb" type="ARMv7_Cortex_A15_cnt3" event="0x19"/>
		<counter key="0x7" type="ARMv7_Cortex_A15_cnt1" event="0x16"/>
		<counter key="0x3" type="ARMv7_Cortex_A15_ccnt" event="0xff"/>
		<counter key="0x5" type="ARMv7_Cortex_A15_cnt0" event="0x8"/>
		<counter key="0x65" type="ARMv7_Cortex_A7_freq"/>
		<counter key="0x63" type="ARMv7_Cortex_A15_freq"/>
		<counter key="0x6d" type="ARMv7_Cortex_A7_system"/>
		<counter key="0x71" type="ARMv7_Cortex_A7_user"/>
		<counter key="0x6b" type="ARMv7_Cortex_A15_system"/>
		<counter key="0x6f" type="ARMv7_Cortex_A15_user"/>
		<counter key="0x75" type="Linux_block_rq_rd"/>
		<counter key="0x73" type="Linux_block_rq_wr"/>
		<counter key="0x7f" type="Linux_meminfo_memfree"/>
		<counter key="0x81" type="Linux_meminfo_memused"/>
	</counters>
</captured>
