<?xml version="1.0" encoding="utf-8"?>
  <counters>
    <counter name="hwmon_arm,vexpress-temp-isa-0024_8_0" />
    <counter name="hwmon_arm,vexpress-energy-isa-0017_7_0" />
    <counter name="hwmon_arm,vexpress-energy-isa-0016_6_0" />
    <counter name="hwmon_arm,vexpress-power-isa-0015_5_0" />
    <counter name="hwmon_arm,vexpress-power-isa-0014_4_0" />
    <counter name="hwmon_arm,vexpress-temp-isa-0013_3_0" />
    <counter name="hwmon_arm,vexpress-amp-isa-0012_2_0" />
    <counter name="hwmon_arm,vexpress-amp-isa-0011_1_0" />
    <counter name="ftrace_power_cpu_idle" />
    <counter name="ftrace_block_block_rq_issue" />
    <counter name="ftrace_block_block_rq_complete" />
    <counter name="ftrace_power_clock_set_rate" />
    <counter name="ftrace_ext4_ext4_da_write" />
    <counter name="ftrace_kmem_kmalloc" />
    <counter name="ARMv7_Cortex_A7_switch" />
    <counter name="ARMv7_Cortex_A15_switch" />
    <counter name="Linux_net_tx" />
    <counter name="Linux_net_rx" />
    <counter name="mmapped_cnt2" />
    <counter name="mmapped_cnt1" />
    <counter name="mmapped_cnt0" />
    <counter name="Linux_proc_statm_data" />
    <counter name="Linux_proc_statm_text" />
    <counter name="Linux_proc_statm_share" />
    <counter name="Linux_proc_statm_size" />
    <counter name="Linux_meminfo_slab" />
    <counter name="Linux_meminfo_cached" />
    <counter name="Linux_meminfo_bufferram" />
    <counter name="Linux_meminfo_memused" />
    <counter name="Linux_meminfo_memfree" />
    <counter name="ARMv7_Cortex_A7_softirq" />
    <counter name="ARMv7_Cortex_A15_softirq" />
    <counter name="ARMv7_Cortex_A7_irq" />
    <counter name="ARMv7_Cortex_A15_irq" />
    <counter name="Linux_block_rq_rd" />
    <counter name="Linux_block_rq_wr" />
    <counter name="ARMv7_Cortex_A7_user" />
    <counter name="ARMv7_Cortex_A15_user" />
    <counter name="ARMv7_Cortex_A7_system" />
    <counter name="ARMv7_Cortex_A15_system" />
    <counter name="Linux_cpu_wait_io" />
    <counter name="Linux_cpu_wait_contention" />
    <counter name="ARMv7_Cortex_A7_freq" />
    <counter name="ARMv7_Cortex_A15_freq" />
    <counter name="ARMv7_Cortex_A7_cnt3" />
    <counter name="ARMv7_Cortex_A7_cnt2" />
    <counter name="ARMv7_Cortex_A7_cnt1" />
    <counter name="ARMv7_Cortex_A7_cnt0" />
    <counter name="ARMv7_Cortex_A7_ccnt" />
    <counter name="ARMv7_Cortex_A15_cnt5" />
    <counter name="ARMv7_Cortex_A15_cnt4" />
    <counter name="ARMv7_Cortex_A15_cnt3" />
    <counter name="ARMv7_Cortex_A15_cnt2" />
    <counter name="ARMv7_Cortex_A15_cnt1" />
    <counter name="ARMv7_Cortex_A15_cnt0" />
    <counter name="ARMv7_Cortex_A15_ccnt" />
<setup_warnings>ftrace_f2fs_f2fs_write is disabled
/sys/kernel/debug/tracing/events/f2fs/f2fs_write_end/enable was not found|</setup_warnings>
<cluster id="0" name="ARMv7_Cortex_A15" />
<cluster id="1" name="ARMv7_Cortex_A7" />
<cpu id="0" cluster="1" />
<cpu id="1" cluster="1" />
<cpu id="2" cluster="1" />
<cpu id="3" cluster="0" />
<cpu id="4" cluster="0" />
  </counters>
