<?xml version="1.0" encoding="UTF-8" standalone="no"?>
<!--Copyright (C) 2009-2013 ARM Limited. All rights reserved.-->
<platform_data xmlns="http://www.arm.com/project_type" xmlns:peripheral="http://com.arm.targetconfigurationeditor" xmlns:xi="http://www.w3.org/2001/XInclude" xmlns:xsi="http://www.w3.org/2001/XMLSchema-instance" type="HARDWARE" xsi:schemaLocation="http://www.arm.com/project_type ../../../Schemas/platform_data-1.xsd">
    <flash_config>CDB://keil-mcbstm32e_flash.xml</flash_config>
    <project_type_list>
        <project_type type="BARE_METAL">
            <name language="en">Bare Metal Debug</name>
            <description language="en">This allows a bare-metal debug connection.</description>
            <execution_environment id="BARE_METAL">
                <name language="en">Bare Metal Debug</name>
                <description language="en">This allows a bare-metal debug connection.</description>
                <param default="CDB://mcbstm32e.rvc" id="config_file" type="string" visible="false"/>
                <param default="CDB://mcbstm32e.py" id="dtsl_config_script" type="string" visible="false"/>
                <xi:include href="../../../Include/hardware_address.xml"/>
                <activity id="ICE_DEBUG" type="Debug">
                    <name language="en">Debug Cortex-M3</name>
                    <xi:include href="../../../Include/ulinkpro_activity_description.xml"/>
                    <xi:include href="../../../Include/ulinkpro_connection_type.xml"/>
                    <core connection_id="Cortex-M3" core_ref="Cortex-M3" soc="st/stm32f103xx"/>
                    <param default="DebugOnly" id="dtsl_config" type="string" visible="false"/>                  
                    <xi:include href="../../../Include/ulinkpro_browse_script.xml"/>
                    <xi:include href="../../../Include/ulinkpro_setup_script.xml"/>
                </activity>
                <activity id="ICE_DEBUG" type="Debug">
                    <name language="en">Debug Cortex-M3</name>
                    <xi:include href="../../../Include/ulinkprod_activity_description.xml"/>
                    <xi:include href="../../../Include/ulinkprod_connection_type.xml"/>
                    <core connection_id="Cortex-M3" core_ref="Cortex-M3" soc="st/stm32f103xx"/>
                    <param default="DebugOnly" id="dtsl_config" type="string" visible="false"/>
                    <xi:include href="../../../Include/ulinkprod_browse_script.xml"/>
                    <xi:include href="../../../Include/ulinkprod_setup_script.xml"/>
                </activity>
                <activity id="ICE_DEBUG" type="Debug">
                    <name language="en">Debug Cortex-M3</name>
                    <xi:include href="../../../Include/ulink2_activity_description_bm.xml"/>
                    <xi:include href="../../../Include/ulink2_connection_type.xml"/>
                    <core connection_id="Cortex-M3" core_ref="Cortex-M3" soc="st/stm32f103xx"/>
                    <param default="DebugOnly" id="dtsl_config" type="string" visible="false"/>
                    <xi:include href="../../../Include/ulink2_browse_script.xml"/>
                    <xi:include href="../../../Include/ulink2_setup_script.xml"/>
                </activity>
                <activity id="ICE_DEBUG" type="Debug">
                    <name language="en">Debug Cortex-M3</name>
                    <xi:include href="../../../Include/rvi_activity_description_bm.xml"/>
                    <xi:include href="../../../Include/rvi_connection_type.xml"/>
                    <core connection_id="Cortex-M3" core_ref="Cortex-M3" soc="st/stm32f103xx"/>
                    <param default="DebugOnly" id="dtsl_config" type="string" visible="false"/>
                </activity>
                <activity id="ICE_DEBUG" type="Debug">
                    <name language="en">Debug Cortex-M3</name>
                    <xi:include href="../../../Include/dstream_activity_description_bm.xml"/>
                    <xi:include href="../../../Include/dstream_connection_type.xml"/>
                    <core connection_id="Cortex-M3" core_ref="Cortex-M3" soc="st/stm32f103xx"/>
                    <param default="DSTREAMDebugAndTrace" id="dtsl_config" type="string" visible="false"/>
                    <param default="options.traceBuffer.traceCaptureDevice" id="dtsl_tracecapture_option" type="string" visible="false"/>
                    <param default="ITM" id="eventviewer_tracesource" type="string" visible="false"/>
                    <streamline_setup_script>
                        <name>CDB://../../../Scripts/streamline_setup_script_m3.py</name>
                        <arguments></arguments>
                    </streamline_setup_script>
                </activity>
            </execution_environment>
        </project_type>
    </project_type_list>
</platform_data>

