<?xml version="1.0" encoding="UTF-8" standalone="no"?>
<!--Copyright (C) 2013 ARM Limited. All rights reserved.-->
<flash_config
    xmlns:xi="http://www.w3.org/2001/XInclude"
    xmlns:xsi="http://www.w3.org/2001/XMLSchema-instance"
    xmlns="http://www.arm.com/flash_config"
    xsi:schemaLocation="http://www.arm.com/flash_config ../../../Schemas/flash_config.xsd">
    <devices>
        <device name="FlashKeil">
            <programming_type type="FILE">
                <!-- Use the standard method for running Keil algorithms -->
                <method language="JYTHON" script="FDB://keil_flash.py" class="KeilFlash" method_config="Keil"/>
            </programming_type>
        </device>
        <device name="FlashCustom">
            <regions>
                <region address="0x90000000" size="0x10000"/>
            </regions>
            <programming_type type="FILE">
                <method language="JYTHON" script="FDB://flash_example.py" class="ExampleWriter" method_config="Custom"/>
            </programming_type>
        </device>
    </devices>
    <method_configs>
        <method_config id="Keil">
            <params>
                <!-- Programming algorithm binary to load to target -->
                <param name="algorithm" type="string" value="FDB://algorithms/FVP_VE_Cortex-A9x4.FLM"/>
                <!-- The core in the target to run the algorithm -->
                <param name="coreName" type="string" value="ARM_Cortex-A9MP_0"/>
                <!-- RAM location & size for algorithm code and write buffers -->
                <param name="ramAddress" type="integer" value="0x90010000"/>
                <param name="ramSize" type="integer" value="0x10000"/>
                <!-- Allow timeouts to be disabled -->
                <param name="disableTimeouts" type="string" value="false"/>
                <!-- Set to false to skip the verification stage -->
                <param name="verify" type="string" value="true"/>
            </params>
        </method_config>
        <method_config id="Custom">
            <params>
                <param name="coreName" type="string" value="ARM_Cortex-A9MP_0"/>
                <param name="ramAddress" type="integer" value="0x90010000"/>
                <param name="ramSize" type="integer" value="0x10000"/>
            </params>
        </method_config>
    </method_configs>
</flash_config>
