<?xml version="1.0" encoding="UTF-8"?>

<platform_data xmlns:xi="http://www.w3.org/2001/XInclude"
                xmlns="http://www.arm.com/project_type"
                xmlns:xsi="http://www.w3.org/2001/XMLSchema-instance"
                xmlns:peripheral="http://com.arm.targetconfigurationeditor"
                xsi:schemaLocation="http://www.arm.com/project_type ../../../Schemas/platform_data-1.xsd"
                type="RTSM">
	<flash_config>CDB://flash.xml</flash_config>
    <project_type_list>
    <project_type type="BARE_METAL" os_abstraction="BARE_METAL">
        <name language="en">Bare Metal Debug</name>
        <description language="en">This allows a bare metal debug connection to the ARM Cortex-A9 FVP</description>
        <execution_environment id="bare_metal_0">
            <name language="en">Bare Metal Debug 0</name>
            <description language="en">Connect to core 0 of a model to perform bare metal debug</description>
            <param type="string" default="CDB://a9_bare_metal.xml" id="config_file" visible="false"/>
            <param type="string" default="" id="model_params" visible="true">
                <name>Model parameters</name>
                <description>Model parameters</description>
            </param>
            <setup_script>
                <name>DS5://sw/debugger/configdb/Scripts/rtsm_launcher.py</name>
                <arguments>DS5://bin/FVP_VE_Cortex-A9x4</arguments>
            </setup_script>
            <activity type="Debug" id="ICE_DEBUG">
                <name language="en">Debug Cortex-A9_0</name>
                <description language="en">Debug a bare metal application on the Cortex-A9 FVP Core 0</description>
                <core core_definition="Cortex-A9" connection_id="ARM_Cortex-A9MP_0"/>
            </activity>
        </execution_environment>
        <execution_environment id="bare_metal_1">
            <name language="en">Bare Metal Debug 1</name>
            <description language="en">Connect to core 1 of a model to perform bare metal debug</description>
            <param type="string" default="CDB://a9_bare_metal.xml" id="config_file" visible="false"/>
            <param type="string" default="" id="model_params" visible="true">
                <name>Model parameters</name>
                <description>Model parameters</description>
            </param>
            <setup_script>
                <name>CDB://../../../Scripts/rtsm_launcher.py</name>
                <arguments>DS5://bin/FVP_VE_Cortex-A9x4</arguments>
            </setup_script>
            <activity type="Debug" id="ICE_DEBUG">
                <name language="en">Debug Cortex-A9_1</name>
                <description language="en">Debug a bare metal application on the Cortex-A9 FVP Core 1</description>
                <core core_definition="Cortex-A9" connection_id="ARM_Cortex-A9MP_1"/>
            </activity>
        </execution_environment>
        <execution_environment id="bare_metal_2">
            <name language="en">Bare Metal Debug 2</name>
            <description language="en">Connect to core 2 of a model to perform bare metal debug</description>
            <param type="string" default="CDB://a9_bare_metal.xml" id="config_file" visible="false"/>
            <param type="string" default="" id="model_params" visible="true">
                <name>Model parameters</name>
                <description>Model parameters</description>
            </param>
            <setup_script>
                <name>CDB://../../../Scripts/rtsm_launcher.py</name>
                <arguments>DS5://bin/FVP_VE_Cortex-A9x4</arguments>
            </setup_script>
            <activity type="Debug" id="ICE_DEBUG">
                <name language="en">Debug Cortex-A9_2</name>
                <description language="en">Debug a bare metal application on the Cortex-A9 FVP Core 2</description>
                <core core_definition="Cortex-A9" connection_id="ARM_Cortex-A9MP_2"/>
            </activity>
        </execution_environment>
        <execution_environment id="bare_metal_3">
            <name language="en">Bare Metal Debug 3</name>
            <description language="en">Connect to core 3 of a model to perform bare metal debug</description>
            <param type="string" default="CDB://a9_bare_metal.xml" id="config_file" visible="false"/>
            <param type="string" default="" id="model_params" visible="true">
                <name>Model parameters</name>
                <description>Model parameters</description>
            </param>
            <setup_script>
                <name>CDB://../../../Scripts/rtsm_launcher.py</name>
                <arguments>DS5://bin/FVP_VE_Cortex-A9x4</arguments>
            </setup_script>
            <activity type="Debug" id="ICE_DEBUG">
                <name language="en">Debug Cortex-A9_3</name>
                <description language="en">Debug a bare metal application on the Cortex-A9 FVP Core 3</description>
                <core core_definition="Cortex-A9" connection_id="ARM_Cortex-A9MP_3"/>
            </activity>
        </execution_environment>
        <execution_environment id="bare_metal_SMP">
            <name language="en">Bare Metal SMP Debug</name>
            <description language="en">Connect to all model cores to perform bare metal debug</description>
            <param type="string" default="CDB://a9_bare_metal.xml" id="config_file" visible="false"/>
            <param type="string" default="" id="model_params" visible="true">
                <name>Model parameters</name>
                <description>Model parameters</description>
            </param>
            <setup_script>
                <name>CDB://../../../Scripts/rtsm_launcher.py</name>
                <arguments>DS5://bin/FVP_VE_Cortex-A9x4</arguments>
            </setup_script>
            <activity id="ICE_DEBUG" type="Debug">
                <name language="en">Debug Cortex-A9x4 SMP</name>
                <description language="en">DS-5 Debugger will connect to an FVP to debug a bare metal SMP application</description>
                <core core_definition="Cortex-A9" connection_id="Cortex-A9x4_SMP"/>
                <param type="string" default="CDB://fvp_a9x4_dtsl.py" id="dtsl_config_script" visible="false"/>
                <param type="string" default="fvp_a9x4_SMP" id="dtsl_config" visible="false"/>
            </activity>
        </execution_environment>
    </project_type>

    <project_type type="BARE_METAL" os_abstraction="LINUX_KERNEL">
        <name language="en">Linux Kernel debug</name>
        <description language="en">This allows a bare metal debug connection to the ARM Cortex-A9x4 FVP with Linux Kernel support</description>

        <execution_environment id="bare_metal_linux_kernel_debug">
            <name language="en">Linux Kernel Debug</name>
            <description language="en">DS-5 Debugger will connect to an FVP to debug a Linux kernel</description>
            <param type="string" default="CDB://a9_bare_metal.xml" id="config_file" visible="false"/>
            <param type="string" default="" id="model_params" visible="true">
                <name>Model parameters</name>
                <description>Model parameters</description>
            </param>
            <setup_script>
                <name>CDB://../../../Scripts/rtsm_launcher.py</name>
                <arguments>DS5://bin/FVP_VE_Cortex-A9x4</arguments>
            </setup_script>
            <activity type="Debug" id="ICE_DEBUG">
                <name language="en">Debug Cortex-A9_0</name>
                <description language="en">Debug a Linux Kernel on the Cortex-A9 FVP Core 0</description>
                <core core_definition="Cortex-A9" connection_id="ARM_Cortex-A9MP_0"/>
            </activity>
            <activity type="Debug" id="ICE_DEBUG">
                <name language="en">Debug Cortex-A9_1</name>
                <description language="en">Debug a Linux Kernel on the Cortex-A9 FVP Core 1</description>
                <core core_definition="Cortex-A9" connection_id="ARM_Cortex-A9MP_1"/>
            </activity>
            <activity type="Debug" id="ICE_DEBUG">
                <name language="en">Debug Cortex-A9_2</name>
                <description language="en">Debug a Linux Kernel on the Cortex-A9 FVP Core 2</description>
                <core core_definition="Cortex-A9" connection_id="ARM_Cortex-A9MP_2"/>
            </activity>
            <activity type="Debug" id="ICE_DEBUG">
                <name language="en">Debug Cortex-A9_3</name>
                <description language="en">Debug a Linux Kernel on the Cortex-A9 FVP Core 3</description>
                <core core_definition="Cortex-A9" connection_id="ARM_Cortex-A9MP_3"/>
            </activity>
            <activity id="ICE_DEBUG" type="Debug">
                <name language="en">Debug Cortex-A9x4 SMP</name>
                <description language="en">DS-5 Debugger will connect to an FVP to debug an SMP Linux Kernel.</description>
                <core core_definition="Cortex-A9" connection_id="Cortex-A9x4_SMP"/>
                <param type="string" default="CDB://fvp_a9x4_dtsl.py" id="dtsl_config_script" visible="false"/>
                <param type="string" default="fvp_a9x4_SMP" id="dtsl_config" visible="false"/>
            </activity>
        </execution_environment>
    </project_type>
    
  </project_type_list>

</platform_data>

